id,name,description
1,"Women's Campside Oxfords","These Women's Campside Oxfords feature a comfortable, lace-to-toe design, perfect for long walks in the countryside or casual wear in the city."
2,"Recycled Waterhog Dog Mat, Chevron Weave","The Recycled Waterhog Dog Mat with Chevron Weave is designed to keep your floors clean. Made from recycled materials, this mat is perfect for catching spills and splashes."
3,"Infant and Toddler Girls' Coastal Chill Swimsuit","This Infant and Toddler Girls' Coastal Chill Swimsuit is perfect for a day at the beach. With bright colors and ruffle details, your little one will look adorable and enjoy her day in the sun."
4,"Refresh Swimwear, V-Neck Tankini Contrasts","The Refresh Swimwear, V-Neck Tankini Contrasts is a stylish choice for a day by the pool or a trip to the beach. With its contrasting colors and flattering v-neck design, you'll look and feel your best."
5,"EcoFlex 3L Storm Pants","Perfect for the outdoors, these EcoFlex 3L Storm Pants are made with our new TEK O2 technology. They're perfect for all four seasons."
6,"Men's Casual Sneakers","Men's Casual Sneakers are perfect for everyday wear. With a comfortable fit and stylish design, they're suitable for any occasion."
7,"Children's Graphic Tee","This Children's Graphic Tee is made from soft, durable material. With a fun design, it's perfect for everyday wear."
8,"Women's Summer Dress","This Women's Summer Dress features a lightweight material and floral design, perfect for a day out in the sun."
9,"Men's Formal Suit","This Men's Formal Suit is tailor-made for a perfect fit. With a sleek design and high-quality material, it's perfect for any formal event."
10,"Women's Yoga Pants","These Women's Yoga Pants are made from stretchy, comfortable material, perfect for a yoga session or a relaxing day at home."
11,"Men's Running Shoes","These Men's Running Shoes provide excellent support and cushioning, perfect for long runs or quick workouts."
12,"Women's Leather Handbag","This Women's Leather Handbag combines style and function. With its ample storage space and elegant design, it's perfect for everyday use."
13,"Children's Winter Jacket","The Children's Winter Jacket is warm, cozy and perfect for cold winter days. Made with high-quality materials, it's designed to last."
14,"Men's Workout Shorts","Men's Workout Shorts are made with lightweight, breathable fabric, making them ideal for intense workout sessions."
15,"Women's Silk Blouse","This Women's Silk Blouse is a versatile piece that can be dressed up or down. With its soft silk material and stylish design, it's a must-have in any wardrobe."
16,"Girls' Ballet Flats","These Girls' Ballet Flats are comfortable, stylish, and perfect for any occasion. Made with soft, durable materials, they're designed for all-day wear."
17,"Boys' Denim Jeans","These Boys' Denim Jeans are durable, stylish, and perfect for everyday wear. Made with high-quality denim, they're built to last."
18,"Men's Leather Jacket","This Men's Leather Jacket is stylish, comfortable, and perfect for cooler weather. Made with genuine leather, it's a timeless piece that adds a cool edge to any outfit."
19,"Women's Knit Sweater","This Women's Knit Sweater is cozy and perfect for colder weather. Made with soft, warm materials, it's a winter wardrobe staple."
20,"Children's Rain Boots","These Children's Rain Boots are perfect for rainy days. Made with waterproof materials, they're designed to keep little feet dry."
21,"Men's Dress Shoes","These Men's Dress Shoes are stylish, comfortable, and perfect for any formal occasion. Made with high-quality materials, they're built to last."
22,"Women's Beach Hat","This Women's Beach Hat provides great protection from the sun. With its wide brim and stylish design, it's perfect for a day at the beach."
23,"Girls' Floral Dress","This Girls' Floral Dress is adorable, comfortable, and perfect for any occasion. Made with lightweight, breathable fabric, it's designed for all-day wear."
24,"Boys' Athletic Sneakers","These Boys' Athletic Sneakers are comfortable, durable, and perfect for any activity. Made with breathable materials, they're designed for all-day wear."
25,"Men's Polo Shirt","This Men's Polo Shirt is a versatile piece that can be dressed up or down. With its soft, comfortable material and classic design, it's a wardrobe staple."
26,"Women's High Heels","These Women's High Heels are stylish, elegant, and perfect for any formal event. Made with high-quality materials, they're designed to provide comfort while making a fashion statement."
27,"Girls' School Backpack","This Girls' School Backpack has plenty of storage space and is made with durable materials, perfect for everyday use."
28,"Boys' Baseball Cap","This Boys' Baseball Cap provides great protection from the sun. With its adjustable design, it's perfect for any outdoor activity."
29,"Men's Leather Wallet","This Men's Leather Wallet is sleek, stylish, and perfect for everyday use. Made with genuine leather, it's designed to last."
30,"Women's Athletic Leggings","These Women's Athletic Leggings are comfortable, supportive, and perfect for any workout. Made with stretchy, breathable fabric, they're designed for all-day wear."
